Concentration,Mean ARI,ARI standard dev,Percent converged,Mean number of categories,Number of categories standard dev,MaxIters,Num seeds,Mean nasal splits,Stdev nasal splits,Samples,MaxCats
1.6e-07,0.7918118276995398,0.03263033245218179,1.0,4.1,0.3,1000,20,1.1,0.8888194417315589,250,6
0.16666666666666666,0.7918118276995398,0.03263033245218179,1.0,4.1,0.3,1000,20,1.1,0.8888194417315589,250,6
1,0.7918118276995398,0.03263033245218179,1.0,4.1,0.3,1000,20,1.1,0.8888194417315589,250,6
10,0.7914365043307183,0.0327908652082045,1.0,4.25,0.5361902647381804,1000,20,1.175,1.0096410253154338,250,6
100,0.7898331799200995,0.031555205971636725,1.0,4.3,0.5567764362830021,1000,20,1.2,1.0295630140987,250,6
1000,0.7917696277639339,0.032154087682095836,1.0,4.25,0.5361902647381804,1000,20,1.175,1.0096410253154338,250,6
10000,0.7880761242513497,0.033292345712368034,1.0,4.3,0.5567764362830021,1000,20,1.2,1.0295630140987,250,6
100000,0.7919488445701219,0.03217215006024031,1.0,4.25,0.5361902647381804,1000,20,1.175,1.0096410253154338,250,6
