Concentration,Mean ARI,Mean height ARI,ARI standard dev,Percent converged,Mean number of categories,Number of categories standard dev,MaxIters,Num seeds,Mean nasal splits,Stdev nasal splits,Samples,MaxCats
1.6e-07,0.3053606832651021,0.7535263293519434,0.029090927472665756,1.0,2.8,0.7483314773547883,3000,20,0.175,0.41155194082885815,250,6
0.16666666666666666,0.2680530927756797,0.6123049781773225,0.05164060902273585,1.0,4.1,1.2609520212918492,3000,20,0.6,0.9300537618869137,250,6
1,0.26901303387875447,0.6210409648769163,0.05134813220723658,1.0,4.0,1.2649110640673518,3000,20,0.575,0.9051933495115836,250,6
10,0.26551734906379304,0.6080794148263262,0.05182150801466317,1.0,4.3,1.1,3000,20,0.675,0.9324028099485758,250,6
100,0.25722579500101267,0.5662277926897187,0.054489246812571605,1.0,4.45,1.2031209415515964,3000,20,0.775,0.9614442261514706,250,6
1000,0.24127230107199535,0.49931185345248064,0.05125925252818971,1.0,4.8,1.0295630140987,3000,20,0.9,0.9823441352194251,250,6
10000,0.24234328747216902,0.5012149479125885,0.04509712220389126,1.0,4.95,0.804673846971554,3000,20,0.975,0.9483538369195329,250,6
100000,0.24064568926279195,0.493173467646624,0.04224326173921641,1.0,5.0,0.8366600265340756,3000,20,0.9,0.9300537618869138,250,6
