Concentration,Mean ARI,Mean height ARI,ARI standard dev,Percent converged,Mean number of categories,Number of categories standard dev,MaxIters,Num seeds,Mean nasal splits,Stdev nasal splits,Samples,MaxCats
1.6e-07,0.25914749535964543,0.5774376559844144,0.04880147169898599,1.0,4.1,1.1789826122551597,3000,20,0.75,1.0781929326423914,350,6
0.16666666666666666,0.25911653713824434,0.5773674081753588,0.04880841368252735,1.0,4.1,1.1789826122551597,3000,20,0.75,1.0781929326423914,350,6
1,0.25924536027791995,0.5775847122236932,0.04879072190495444,1.0,4.1,1.1789826122551597,3000,20,0.75,1.0781929326423914,350,6
10,0.2583624300727724,0.5742539791208455,0.04993832392390384,1.0,4.2,1.16619037896906,3000,20,0.75,1.0547511554864493,350,6
100,0.2543652258127109,0.564506488813684,0.05017831275829551,1.0,4.55,1.2031209415515964,3000,20,0.925,1.159471862530523,350,6
1000,0.23769636374813566,0.4886446035116103,0.04245240967659061,1.0,5.1,0.7681145747868608,3000,20,1.325,1.3944084767384342,350,6
10000,0.23037866286259825,0.4687859217520026,0.04281659651472159,1.0,5.35,0.6538348415311012,3000,20,1.425,1.4558073361540669,350,6
100000,0.2302062638055288,0.46777497333587137,0.04314381367501619,1.0,5.35,0.6538348415311012,3000,20,1.45,1.4482748357960238,350,6
