Concentration,Mean ARI,Mean height ARI,ARI standard dev,Percent converged,Mean number of categories,Number of categories standard dev,MaxIters,Num seeds,Mean nasal splits,Stdev nasal splits,Samples,MaxCats
1.6e-07,0.26572931540297395,0.5900884810985756,0.03652278949438954,1.0,4.35,0.7921489758877431,3000,20,0.825,1.0341058939973218,300,6
0.16666666666666666,0.26562768211612975,0.5897892924308714,0.03647117214969214,1.0,4.35,0.7921489758877431,3000,20,0.825,1.0341058939973218,300,6
1,0.26562665061037916,0.5898104728489852,0.036471839398413926,1.0,4.35,0.7921489758877431,3000,20,0.825,1.0341058939973218,300,6
10,0.2709342133342478,0.6058046595697428,0.0317035453904004,1.0,4.25,0.82915619758885,3000,20,0.75,0.9013878188659973,300,6
100,0.2573316182319899,0.5507671183812887,0.03283869688668413,1.0,4.75,0.9937303457175896,3000,20,1.05,1.16081867662439,300,6
1000,0.24022919185616085,0.4947013697455221,0.03997753402297539,1.0,4.95,0.9205976319760985,3000,20,1.1,1.1022703842524302,300,6
10000,0.23395041803146938,0.4800775216333041,0.04245387139516618,1.0,5.0,0.9486832980505138,3000,20,1.075,1.0697546447667334,300,6
100000,0.23354647525672415,0.48042582127128775,0.043200336181425714,1.0,5.0,0.9486832980505138,3000,20,1.05,1.035615758860399,300,6
