Concentration,Mean ARI,Mean height ARI,ARI standard dev,Percent converged,Mean number of categories,Number of categories standard dev,MaxIters,Num seeds,Mean nasal splits,Stdev nasal splits,Samples,MaxCats
1.6e-07,0.25159365391814936,0.5592711899974452,0.043933633855873656,1.0,4.3,1.2688577540449522,1000,20,0.9,1.0677078252031311,450,6
0.16666666666666666,0.2515857978028103,0.5592390539802912,0.04393385937800527,1.0,4.3,1.2688577540449522,1000,20,0.9,1.0677078252031311,450,6
1,0.25212882593582936,0.5597845815260507,0.04438768481061553,1.0,4.4,1.1575836902790224,1000,20,0.925,1.0580051984749415,450,6
10,0.2521410330290236,0.5602233933827776,0.044335658282892085,1.0,4.4,1.1575836902790224,1000,20,0.95,1.0943034314119644,450,6
100,0.24800652959483355,0.546143047360611,0.045108470923674114,1.0,4.75,1.0897247358851685,1000,20,1.05,1.182159041753689,450,6
1000,0.24071821374871183,0.5170133795871349,0.0433008826411088,0.95,4.9,0.9433981132056605,1000,20,1.225,1.193471826228001,450,6
10000,0.23709002243427818,0.505028492311093,0.04345474657524757,1.0,5.0,0.8944271909999159,1000,20,1.275,1.2346558224865747,450,6
100000,0.23690678126897718,0.5031754036430595,0.042649640770455806,0.95,5.05,0.804673846971554,1000,20,1.25,1.1989578808281798,450,6
