Concentration,Mean ARI,Mean height ARI,ARI standard dev,Percent converged,Mean number of categories,Number of categories standard dev,MaxIters,Num seeds,Mean nasal splits,Stdev nasal splits,Samples,MaxCats
1.6e-07,0.2540698252541717,0.5736919624005068,0.050534147511354724,1.0,4.4,1.0677078252031311,3000,20,0.875,1.2285662375305615,400,6
0.16666666666666666,0.25418904340056075,0.5736788148205678,0.05047808917983888,1.0,4.4,1.0677078252031311,3000,20,0.875,1.2285662375305615,400,6
1,0.2541312104827742,0.573488961209219,0.050430816370453206,1.0,4.4,1.0677078252031311,3000,20,0.875,1.2285662375305615,400,6
10,0.25215632644789776,0.559047306226274,0.04993079267447677,1.0,4.65,0.8529361054615991,3000,20,1.0,1.2549900398011133,400,6
100,0.2445820277816626,0.5350518536690927,0.050980594047032465,1.0,4.8,0.9273618495495705,3000,20,1.2,1.307669683062202,400,6
1000,0.22567847466711136,0.4665290725050091,0.04344633420397294,1.0,5.25,0.82915619758885,3000,20,1.3,1.298075498574717,400,6
10000,0.2294462713886408,0.4901068854847465,0.045689870751251374,1.0,5.1,0.7681145747868608,3000,20,1.2,1.2288205727444508,400,6
100000,0.224337035246428,0.4744295035087438,0.0453058628120648,1.0,5.2,0.7483314773547883,3000,20,1.275,1.3131545986668895,400,6
