,Concentration,Mean ARI,ARI standard dev,Percent converged,Mean number of categories,Number of categories standard dev,MaxIters,Num seeds,Mean nasal splits,Stdev nasal splits,Samples,MaxCats
0,1.6e-07,0.5163723655661554,0.059822435347339005,1.0,4.4,0.6633249580710799,1000,20,1.225,1.117754445305408,250,6
1,0.16666666666666666,0.5162893766820765,0.0598005042697946,1.0,4.4,0.6633249580710799,1000,20,1.225,1.117754445305408,250,6
2,1.0,0.5159913694179965,0.05975680624730125,1.0,4.4,0.6633249580710799,1000,20,1.225,1.117754445305408,250,6
3,10.0,0.5178034237493516,0.058959474044073173,1.0,4.45,0.6689544080129827,1000,20,1.225,1.117754445305408,250,6
4,100.0,0.520806630333362,0.05544137957681457,1.0,4.5,0.6708203932499369,1000,20,1.25,1.2196310917650468,250,6
5,1000.0,0.527621278171707,0.05130718026015937,1.0,4.6,0.7348469228349535,1000,20,1.325,1.2725466592624413,250,6
6,10000.0,0.5256008530569938,0.05392027606455757,1.0,4.65,0.7921489758877431,1000,20,1.35,1.2854960132182442,250,6
7,100000.0,0.5257022210690317,0.05368980489687277,1.0,4.65,0.7921489758877431,1000,20,1.35,1.2854960132182442,250,6
