NumSamples,Mean ARI,ARI standard dev,Percent converged,Mean number of categories,Number of categories standard dev
50,1.0,0.0,1.0,4.0,0.0
100,1.0,0.0,1.0,4.0,0.0
150,0.9989146320052035,0.00325610398438958,1.0,4.1,0.3
200,1.0,0.0,1.0,4.0,0.0
250,1.0,0.0,1.0,4.0,0.0
300,1.0,0.0,1.0,4.0,0.0
350,1.0,0.0,1.0,4.0,0.0
400,1.0,0.0,1.0,4.0,0.0
450,1.0,0.0,1.0,4.0,0.0
