Concentration,Mean ARI,Mean height ARI,ARI standard dev,Percent converged,Mean number of categories,Number of categories standard dev,MaxIters,Num seeds,Mean nasal splits,Stdev nasal splits,Samples,MaxCats
1.6e-07,0.48625051184413515,0.9614746763578685,0.01932663076464793,1.0,2.65,0.9096702699330126,3000,20,0.225,0.6118619125260208,450,6
0.16666666666666666,0.48625051184413515,0.9614746763578685,0.01932663076464793,1.0,2.65,0.9096702699330126,3000,20,0.225,0.6118619125260208,450,6
1,0.48623710446918744,0.961450196041354,0.019431884235131692,1.0,2.65,0.9096702699330126,3000,20,0.225,0.6118619125260208,450,6
10,0.48597011776344823,0.9597781083323353,0.019490815615782444,1.0,2.8,0.9273618495495703,3000,20,0.25,0.6224949798994366,450,6
100,0.47509164523031133,0.9251849547773775,0.03953562151954208,1.0,3.1,1.044030650891055,3000,20,0.375,0.8120190884455858,450,6
1000,0.4739108624282739,0.9168700677655128,0.030247537475681825,1.0,3.2,1.077032961426901,3000,20,0.475,0.8799857953399021,450,6
10000,0.47227210581279877,0.9111405045771871,0.029276757154622128,1.0,3.2,1.077032961426901,3000,20,0.525,0.9614442261514705,450,6
100000,0.4723423548191964,0.9145010679864777,0.03617693975099837,1.0,3.2,1.1661903789690602,3000,20,0.525,1.0121141239998581,450,6
