Concentration,Mean ARI,Mean height ARI,ARI standard dev,Percent converged,Mean number of categories,Number of categories standard dev,MaxIters,Num seeds,Mean nasal splits,Stdev nasal splits,Samples,MaxCats
1.6e-07,0.480371467099775,0.9412240081848372,0.0274534334259849,1.0,2.65,1.0136567466356647,3000,20,0.225,0.6319612329882269,250,6
0.16666666666666666,0.47620920830528946,0.9288412221684096,0.035334933663206114,1.0,2.75,1.1346805717910218,3000,20,0.325,0.8627716963368698,250,6
1,0.4761555281160924,0.928652186089822,0.03535800984860996,1.0,2.75,1.1346805717910218,3000,20,0.325,0.8627716963368698,250,6
10,0.4759201521195912,0.9278327761345604,0.03547219111703708,1.0,2.85,1.1521718621802912,3000,20,0.35,0.8674675786448737,250,6
100,0.4715650947205948,0.9097683442497541,0.03615641346504214,1.0,3.1,1.1357816691600546,3000,20,0.425,0.8771402396424416,250,6
1000,0.45599408387712453,0.8611017579054779,0.049612762217330075,1.0,3.5,1.161895003862225,3000,20,0.675,1.2326293035621052,250,6
10000,0.4573006140809376,0.8606640819737674,0.03784849017618879,1.0,3.5,1.2041594578792296,3000,20,0.675,1.232629303562105,250,6
100000,0.4572310669904325,0.860451764212757,0.03790210996286958,1.0,3.5,1.2041594578792296,3000,20,0.675,1.232629303562105,250,6
