Concentration,Mean ARI,Mean height ARI,ARI standard dev,Percent converged,Mean number of categories,Number of categories standard dev,MaxIters,Num seeds,Mean nasal splits,Stdev nasal splits,Samples,MaxCats
1.6e-07,0.46702689584300555,0.9048066962523089,0.05183070125603601,1.0,3.0,1.2649110640673518,3000,20,0.475,1.0720890821195783,500,6
0.16666666666666666,0.46700840913154806,0.9047634546375256,0.05187425663895961,1.0,3.0,1.2649110640673518,3000,20,0.475,1.0720890821195783,500,6
1,0.46700840913154806,0.9047634546375256,0.05187425663895961,1.0,3.0,1.2649110640673518,3000,20,0.475,1.0720890821195783,500,6
10,0.46693150019800533,0.9046513713436319,0.0520860846650135,1.0,3.05,1.2439855304624727,3000,20,0.525,1.1508149286483904,500,6
100,0.45825075826955874,0.8761098704929937,0.05669747812480295,1.0,3.4,1.5297058540778357,3000,20,0.625,1.2183492931011204,500,6
1000,0.4511468549397762,0.8516499081776507,0.05858069068185904,1.0,3.5,1.466287829861518,3000,20,0.7,1.218605760695394,500,6
10000,0.44329545750285826,0.8239331540629762,0.05672424965142512,1.0,3.65,1.3518505834595775,3000,20,0.75,1.2796483892069728,500,6
100000,0.4330949750761479,0.7944890929445966,0.06336013930443275,1.0,3.8,1.3266499161421599,3000,20,0.825,1.3016816046944812,500,6
