Concentration,Mean ARI,Mean height ARI,ARI standard dev,Percent converged,Mean number of categories,Number of categories standard dev,MaxIters,Num seeds,Mean nasal splits,Stdev nasal splits,Samples,MaxCats
1.6e-07,0.4581612838912661,0.8748713834888235,0.056744297343017676,1.0,3.2,1.3266499161421599,3000,20,0.5,1.08397416943394,300,6
0.16666666666666666,0.45797189216699064,0.8743062095719438,0.05689470916053825,1.0,3.25,1.3738631664034087,3000,20,0.55,1.1715374513859982,300,6
1,0.4579048069206725,0.874105948311802,0.05695076207540956,1.0,3.25,1.3738631664034087,3000,20,0.55,1.1715374513859982,300,6
10,0.4579953312984739,0.8730022836441027,0.056926838875927394,1.0,3.45,1.3219304066402284,3000,20,0.625,1.1871710070583765,300,6
100,0.44950131665592935,0.840676152025756,0.051674177151840604,1.0,3.75,1.2599603168354152,3000,20,0.775,1.193471826228001,300,6
1000,0.43474846625522723,0.7965637778290798,0.05749557898006637,1.0,3.95,1.243985530462473,3000,20,0.875,1.3074306864992882,300,6
10000,0.4387661890075643,0.8096355907280804,0.05775167689104196,1.0,3.9,1.260952021291849,3000,20,0.875,1.3074306864992882,300,6
100000,0.4351993382690039,0.7998767675431643,0.06115955877852283,1.0,3.9,1.260952021291849,3000,20,0.9,1.3285330255586423,300,6
