Concentration,Mean ARI,Mean height ARI,ARI standard dev,Percent converged,Mean number of categories,Number of categories standard dev,MaxIters,Num seeds,Mean nasal splits,Stdev nasal splits,Samples,MaxCats
1.6e-07,0.15057049356012636,0.3522260597998489,0.06002195625328756,1.0,2.55,0.9205976319760985,1000,20,0.4,0.8154753215150046,250,6
0.16666666666666666,0.07062551675895848,0.2502308275823316,0.06086799058227389,0.95,3.55,1.3592277219068185,1000,20,0.95,1.4568802284333466,250,6
1,0.0684039399357886,0.24426921911833105,0.060564396280218195,0.95,3.6,1.42828568570857,1000,20,0.95,1.4568802284333466,250,6
10,0.07127005466391696,0.2579789562724594,0.05907925902664181,0.95,3.85,1.3518505834595773,1000,20,1.075,1.5554340230302282,250,6
100,0.07977165608818287,0.27705572492807984,0.054279517560872806,0.95,4.2,1.32664991614216,1000,20,1.2,1.5684387141358123,250,6
1000,0.08411788432853783,0.27863802986641545,0.05017865759460852,0.95,4.8,1.0295630140987,1000,20,1.45,1.5960889699512368,250,6
10000,0.08607051920498476,0.29961996864397655,0.05490030151214882,0.95,4.55,1.0712142642814275,1000,20,1.475,1.635351644142629,250,6
100000,0.08821408768895928,0.3093154976047677,0.05699833501398483,0.95,4.55,1.0712142642814275,1000,20,1.475,1.635351644142629,250,6
