Concentration,Mean ARI,Mean height ARI,ARI standard dev,Percent converged,Mean number of categories,Number of categories standard dev,MaxIters,Num seeds,Mean nasal splits,Stdev nasal splits,Samples,MaxCats
1.6e-07,0.07361369788132022,0.2857147146261712,0.05633615471853762,1.0,3.4,1.2409673645990857,3000,20,0.85,1.285496013218244,300,6
0.16666666666666666,0.07357597014690036,0.2855876603369458,0.05628606983921434,1.0,3.4,1.2409673645990857,3000,20,0.85,1.285496013218244,300,6
1,0.07428397368214504,0.28630983861132697,0.05690757187505397,1.0,3.45,1.2835497652993435,3000,20,0.85,1.285496013218244,300,6
10,0.06225472028833261,0.2416596322767745,0.05915305838598468,1.0,3.35,1.3518505834595773,3000,20,0.9,1.4017845768876185,300,6
100,0.07072321567893362,0.2665964463078568,0.05781313824252481,1.0,3.75,1.1346805717910218,3000,20,1.05,1.3774977313955912,300,6
1000,0.08786791926145196,0.33202285244698776,0.053178133082960634,1.0,4.45,0.8046738469715541,3000,20,1.225,1.3599172768959147,300,6
10000,0.09123928583076504,0.33424713010928775,0.044907794923857616,1.0,4.65,0.9096702699330127,3000,20,1.325,1.4210471491122312,300,6
100000,0.09312817502709972,0.321510042560673,0.038974526734687896,1.0,4.6,1.1135528725660044,3000,20,1.325,1.531135199778256,300,6
