Concentration,Mean ARI,Mean height ARI,ARI standard dev,Percent converged,Mean number of categories,Number of categories standard dev,MaxIters,Num seeds,Mean nasal splits,Stdev nasal splits,Samples,MaxCats
1.6e-07,0.07093985332874822,0.2644723024948417,0.05676732362764674,0.85,3.5,1.4317821063276353,1000,20,0.85,1.3332291625973385,350,6
0.16666666666666666,0.07083778433306623,0.26451675734179936,0.05672004137933471,0.85,3.5,1.4317821063276353,1000,20,0.85,1.3332291625973385,350,6
1,0.07080558988429819,0.26447820427086305,0.05686020079410677,0.85,3.5,1.4317821063276353,1000,20,0.875,1.3358050007392546,350,6
10,0.07476899444191851,0.2755055886598421,0.05550788534765353,0.85,3.75,1.4097872179871684,1000,20,0.95,1.3407087677791922,350,6
100,0.07807264966860933,0.2798770766957284,0.05384992846949465,0.85,3.75,1.299038105676658,1000,20,1.0,1.3874436925511608,350,6
1000,0.08568648756780298,0.28889458408070445,0.042242371965300764,0.95,4.2,1.2083045973594573,1000,20,1.2,1.452583904633395,350,6
10000,0.09974071150435448,0.34332916103154437,0.042306991525448645,0.8,4.3,1.0049875621120892,1000,20,1.1,1.3656500283747663,350,6
100000,0.10427812792667875,0.35419401005629636,0.03882775087467631,0.9,4.3,0.9539392014169457,1000,20,1.1,1.374772708486752,350,6
