Concentration,Mean ARI,Mean height ARI,ARI standard dev,Percent converged,Mean number of categories,Number of categories standard dev,MaxIters,Num seeds,Mean nasal splits,Stdev nasal splits,Samples,MaxCats
1.6e-07,0.08121585589278704,0.3002671088945573,0.048085050837268196,1.0,3.9,1.1357816691600546,3000,20,0.875,1.2784267675545595,400,6
0.16666666666666666,0.08117674745593594,0.2999082983232081,0.04808065553412845,1.0,3.9,1.1357816691600546,3000,20,0.875,1.2784267675545595,400,6
1,0.08075849524559889,0.29725386838586243,0.04833870036061402,1.0,3.9,1.1357816691600546,3000,20,0.875,1.2784267675545595,400,6
10,0.07911954026531261,0.2963422904284503,0.052730196003934755,1.0,3.9,1.1789826122551597,3000,20,0.875,1.2784267675545595,400,6
100,0.07431303667514888,0.2939146746638291,0.05370219790617712,1.0,3.95,1.16081867662439,3000,20,0.95,1.2932517156377563,400,6
1000,0.08584922600896075,0.33007651863349785,0.046639625934154834,1.0,4.7,1.0535653752852738,3000,20,1.5,1.746424919657298,400,6
10000,0.09868290443692443,0.3802977600158007,0.042562543667692,1.0,5.05,0.9205976319760986,3000,20,1.925,1.9024655056005617,400,6
100000,0.09848283156098404,0.38052200929564256,0.041913565520888325,1.0,5.0,1.0,3000,20,1.9,1.9595917942265424,400,6
