Concentration,Mean ARI,Mean height ARI,ARI standard dev,Percent converged,Mean number of categories,Number of categories standard dev,MaxIters,Num seeds,Mean nasal splits,Stdev nasal splits,Samples,MaxCats
1.6e-07,0.08426021519140528,0.29794604241489037,0.04473011051619988,0.75,4.1,1.1789826122551597,1000,20,1.125,1.4779631253857453,500,6
0.16666666666666666,0.08423969977487146,0.2975546458916868,0.04480445106524537,0.75,4.1,1.1789826122551597,1000,20,1.125,1.4779631253857453,500,6
1,0.08403462976161216,0.2965059373149491,0.044861183529859974,0.75,4.1,1.1789826122551597,1000,20,1.15,1.4671400751121209,500,6
10,0.08310378815630232,0.2925965733116646,0.04548355737247206,0.65,4.1,1.1789826122551597,1000,20,1.15,1.4671400751121209,500,6
100,0.08310245416001674,0.28419514609088214,0.040380472042887354,0.7,4.25,1.0428326807307104,1000,20,1.175,1.464368464560747,500,6
1000,0.10210938372179283,0.35989013813505666,0.03544720597724995,0.55,4.85,0.653834841531101,1000,20,1.725,1.8232868671714826,500,6
10000,0.09915002145659751,0.34579516839090185,0.035633171396023657,0.75,4.85,0.7262919523166976,1000,20,1.5,1.680773631397161,500,6
100000,0.09748056948892993,0.3361363734510095,0.03564859915985325,0.75,4.95,0.739932429347437,1000,20,1.525,1.680587694825831,500,6
