Concentration,Mean ARI,Mean height ARI,ARI standard dev,Percent converged,Mean number of categories,Number of categories standard dev,MaxIters,Num seeds,Mean nasal splits,Stdev nasal splits,Samples,MaxCats
1.6e-07,0.07661977357494189,0.26780097992938046,0.0465591375086735,0.85,4.15,1.1521718621802912,1000,20,1.125,1.5602483776629925,450,6
0.16666666666666666,0.07657609940566389,0.26770212458617265,0.04662520798901286,0.85,4.15,1.1521718621802912,1000,20,1.125,1.5602483776629925,450,6
1,0.07654525311670465,0.26829545090137563,0.04649567570265308,0.85,4.2,1.16619037896906,1000,20,1.15,1.5660459763365824,450,6
10,0.08029913120051807,0.27948657973291813,0.04410648371136299,0.85,4.2,1.16619037896906,1000,20,1.15,1.5580436450882882,450,6
100,0.0849799724702607,0.28403551261924675,0.03717356526274762,0.75,4.55,1.2031209415515964,1000,20,1.425,1.8559027452967467,450,6
1000,0.09621469652345105,0.33334970881186976,0.037502418318916625,0.9,4.9,0.9433981132056605,1000,20,1.475,1.7675901674313532,450,6
10000,0.1065646324785375,0.36429438675455034,0.025030186753990817,0.85,4.95,0.804673846971554,1000,20,1.55,1.7457090250096092,450,6
100000,0.10686661885922924,0.36416551224642,0.02499416830493785,0.85,4.9,0.8306623862918076,1000,20,1.525,1.7462459735100322,450,6
