Concentration,Mean ARI,Mean height ARI,ARI standard dev,Percent converged,Mean number of categories,Number of categories standard dev,MaxIters,Num seeds,Mean nasal splits,Stdev nasal splits,Samples,MaxCats
1.6e-07,0.07508329906353026,0.26155337235360376,0.048520283700996515,1.0,4.0,1.3416407864998738,3000,20,1.125,1.5602483776629925,450,6
0.16666666666666666,0.07503962489425227,0.26145451701039596,0.04858230600122358,1.0,4.0,1.3416407864998738,3000,20,1.125,1.5602483776629925,450,6
1,0.07493380355501397,0.26166167253489464,0.048518603793917245,1.0,4.0,1.3416407864998738,3000,20,1.125,1.5602483776629925,450,6
10,0.07760466368616944,0.2695701324669394,0.04624004246832448,1.0,4.0,1.3416407864998738,3000,20,1.125,1.5602483776629925,450,6
100,0.08033254646500837,0.27305306854482486,0.04248517502596736,1.0,4.4,1.2,3000,20,1.275,1.7173744495595595,450,6
1000,0.09617627721663966,0.33341492141282486,0.03756079418867859,1.0,4.9,0.9433981132056605,3000,20,1.475,1.7675901674313532,450,6
10000,0.10572762601402226,0.36476336267946846,0.02569821976452513,1.0,4.9,0.8306623862918076,3000,20,1.55,1.7670597047072294,450,6
100000,0.10456371429998168,0.3622838633460704,0.026999061495039653,1.0,4.9,0.8306623862918076,3000,20,1.55,1.7670597047072294,450,6
