Concentration,Mean ARI,Mean height ARI,ARI standard dev,Percent converged,Mean number of categories,Number of categories standard dev,MaxIters,Num seeds,Mean nasal splits,Stdev nasal splits,Samples,MaxCats
1.6e-07,0.06920260886594276,0.25843664706303365,0.05739831710813476,1.0,3.4,1.42828568570857,3000,20,0.85,1.3143439428094916,350,6
0.16666666666666666,0.0690994017263481,0.2585277828532927,0.057359966076978956,1.0,3.4,1.42828568570857,3000,20,0.85,1.3143439428094916,350,6
1,0.06899021871178104,0.2583731282861852,0.05751883661405168,1.0,3.4,1.42828568570857,3000,20,0.875,1.3169567191065923,350,6
10,0.07312797818700371,0.2684586001716928,0.05644158960459741,1.0,3.65,1.4239030865898141,3000,20,0.95,1.3219304066402287,350,6
100,0.07707776475778624,0.27543913792502406,0.054924158448271004,1.0,3.75,1.299038105676658,3000,20,1.0,1.3874436925511608,350,6
1000,0.08567734902445341,0.2888630917890429,0.0422608842174958,1.0,4.05,1.3955285736952865,3000,20,1.125,1.4350522638566166,350,6
10000,0.09741080573717256,0.334083426757327,0.045020380010309294,1.0,4.25,0.9937303457175896,3000,20,1.075,1.3488420960216212,350,6
100000,0.10256087026496652,0.34718152767252447,0.0398686412380804,1.0,4.3,0.9539392014169457,3000,20,1.125,1.381801360543548,350,6
