Concentration,Mean ARI,Mean height ARI,ARI standard dev,Percent converged,Mean number of categories,Number of categories standard dev,MaxIters,Num seeds,Mean nasal splits,Stdev nasal splits,Samples,MaxCats
1.6e-07,0.07186668897086354,0.2571681279778487,0.04700615849002434,1.0,3.85,1.3518505834595773,3000,20,1.05,1.4309088021254186,500,6
0.16666666666666666,0.07178171189285243,0.25692699492751014,0.04690902454665563,1.0,3.85,1.3518505834595773,3000,20,1.05,1.4309088021254186,500,6
1,0.07166589414475663,0.25624066113846633,0.04704485999042721,1.0,3.85,1.3518505834595773,3000,20,1.05,1.4309088021254186,500,6
10,0.07018240840302482,0.2526594081698695,0.046144576233497984,1.0,3.9,1.3379088160259651,3000,20,1.1,1.445683229480096,500,6
100,0.07317833945152466,0.2546514165847139,0.046340635565753484,1.0,4.05,1.3219304066402284,3000,20,1.125,1.486396649619475,500,6
1000,0.0913215151020477,0.3252463728039905,0.03788074995002848,1.0,4.65,0.7921489758877431,3000,20,1.55,1.7670597047072294,500,6
10000,0.09799117843367225,0.3392574243525676,0.03538086902889349,1.0,4.8,0.7483314773547883,3000,20,1.475,1.6880091824394796,500,6
100000,0.09670367235633916,0.33357395638896226,0.03585052464149003,1.0,4.85,0.7921489758877431,3000,20,1.5,1.680773631397161,500,6
